Receptor;Ligand;PredictedBindingAffinity
1Q11;1;4.582866362315631
5ILW;1;5.156942692749305
5F25;1;5.015152133971898
