Receptor;Ligand;PredictedBindingAffinity
1Q11;1;4.336700516085126
1Q11;2;4.221957926195541
1Q11;3;4.097512734876677
1Q11;4;4.077734055944928
1Q11;5;4.081782025404923
1Q11;6;4.238151721789856
1Q11;7;4.10701199304117
5ILW;1;4.862881130955491
5ILW;2;5.091004718977839
5ILW;3;4.811201347985474
5ILW;4;4.795056534263741
5ILW;5;5.0856233112792495
5F25;1;5.0330331536413
5F25;2;5.020661633641626
5F25;3;5.051973367130254
5F25;4;5.042960413988157
