Receptor;PoseRank;RMSD
1Q11;1;10.8891948934173
1Q11;2;11.0785280363544
1Q11;3;11.1705649893383
1Q11;4;10.772340602989
1Q11;5;10.7930986191541
1Q11;6;11.0396248794193
1Q11;7;11.1939411006651
5ILW;1;3.6318385181381
5ILW;2;0.587166871184051
5ILW;3;3.86863643280497
5ILW;4;3.83862830641477
5ILW;5;0.595278432176853
5F25;1;2.52778406278017
5F25;2;2.25103945276731
5F25;3;0.694955091638692
5F25;4;2.67645893691329
